{
    "providers": [
        {
            "type": "bitmap",
            "file": "minecraft:font/player.png",
            "ascent": 7,
            "height": 7,
            "chars": [
                    "\u00C0"
                ]
        },
        {
            "type": "bitmap",
            "file": "minecraft:font/avenger.png",
            "ascent": 7,
            "height": 7,
            "chars": [
                    "\u00C1"
                ]
        },
		{
            "type": "bitmap",
            "file": "minecraft:font/knight.png",
            "ascent": 7,
            "height": 7,
            "chars": [
                    "\u00C2"
                ]
        },
		{
            "type": "bitmap",
            "file": "minecraft:font/guard.png",
            "ascent": 7,
            "height": 7,
            "chars": [
                    "\u00C3"
                ]
        },
		{
            "type": "bitmap",
            "file": "minecraft:font/prince.png",
            "ascent": 7,
            "height": 7,
            "chars": [
                    "\u00C4"
                ]
        },
		{
            "type": "bitmap",
            "file": "minecraft:font/magister.png",
            "ascent": 7,
            "height": 7,
            "chars": [
                    "\u00C5"
                ]
        },
		{
            "type": "bitmap",
            "file": "minecraft:font/phoenix.png",
            "ascent": 7,
            "height": 7,
            "chars": [
                    "\u00C6"
                ]
        },
		{
            "type": "bitmap",
            "file": "minecraft:font/vector.png",
            "ascent": 7,
            "height": 7,
            "chars": [
                    "\u00C7"
                ]
        },
		{
            "type": "bitmap",
            "file": "minecraft:font/wizard.png",
            "ascent": 7,
            "height": 7,
            "chars": [
                    "\u00C8"
                ]
        }
    ]
}